{
    "images/grey/101_2.tif": {
        "dct": {
            "score_ssim": 0.9873976064546247,
            "score_nrmse": 0.9628285090590932
        },
        "fft_binned": {
            "score_ssim": 0.658535575361999,
            "score_nrmse": 0.8382405645548838
        },
        "fft_contin": {
            "score_ssim": 0.9999999999999971,
            "score_nrmse": 0.9965673806772815
        },
        "ideal_lp_50": {
            "score_ssim": 0.7500947867524472,
            "score_nrmse": 0.9034309141131566
        },
        "butterworth_lp_50": {
            "score_ssim": 0.7971266944130904,
            "score_nrmse": 0.9099997342247407
        },
        "gaussian_lp_50": {
            "score_ssim": 0.8979972866673434,
            "score_nrmse": 0.9189554173512235
        },
        "ideal_hp_20": {
            "score_ssim": -0.057216530448666814,
            "score_nrmse": 0.49879324200128916
        },
        "butterworth_hp_20": {
            "score_ssim": -0.05807772186068325,
            "score_nrmse": 0.4983356327625589
        },
        "gaussian_hp_20": {
            "score_ssim": -0.05358348988143202,
            "score_nrmse": 0.48470583891710184
        }
    }
} {
    "images/grey/102_2.tif": {
        "dct": {
            "score_ssim": 0.9883065047198434,
            "score_nrmse": 0.9754048617006115
        },
        "fft_binned": {
            "score_ssim": 0.6522097500560796,
            "score_nrmse": 0.8498661984925826
        },
        "fft_contin": {
            "score_ssim": 0.9999999999999973,
            "score_nrmse": 0.9963663940578261
        },
        "ideal_lp_50": {
            "score_ssim": 0.7598722523925509,
            "score_nrmse": 0.9064876222159557
        },
        "butterworth_lp_50": {
            "score_ssim": 0.7955657170323882,
            "score_nrmse": 0.9106658799514731
        },
        "gaussian_lp_50": {
            "score_ssim": 0.8864594904441783,
            "score_nrmse": 0.9195957014447518
        },
        "ideal_hp_20": {
            "score_ssim": 0.03337662321367599,
            "score_nrmse": 0.5590282561660838
        },
        "butterworth_hp_20": {
            "score_ssim": 0.03341156972670287,
            "score_nrmse": 0.558864256152618
        },
        "gaussian_hp_20": {
            "score_ssim": 0.029957295322240597,
            "score_nrmse": 0.5447722425103649
        }
    }
} {
    "images/grey/103_2.tif": {
        "dct": {
            "score_ssim": 0.9695372326473743,
            "score_nrmse": 0.9809954383260937
        },
        "fft_binned": {
            "score_ssim": 0.7382652203967047,
            "score_nrmse": 0.8757670147805868
        },
        "fft_contin": {
            "score_ssim": 1.0000000000000016,
            "score_nrmse": 0.9959510843035703
        },
        "ideal_lp_50": {
            "score_ssim": 0.7426158815566323,
            "score_nrmse": 0.9229348931261568
        },
        "butterworth_lp_50": {
            "score_ssim": 0.8076541938638492,
            "score_nrmse": 0.9254394957383785
        },
        "gaussian_lp_50": {
            "score_ssim": 0.9026141541396282,
            "score_nrmse": 0.9315853735781177
        },
        "ideal_hp_20": {
            "score_ssim": -0.07058844366307758,
            "score_nrmse": 0.3371782042076281
        },
        "butterworth_hp_20": {
            "score_ssim": -0.07247953217668206,
            "score_nrmse": 0.3362397854683371
        },
        "gaussian_hp_20": {
            "score_ssim": -0.06845139750252176,
            "score_nrmse": 0.3284827099995663
        }
    }
} {
    "images/grey/104_2.tif": {
        "dct": {
            "score_ssim": 0.9723004194196307,
            "score_nrmse": 0.9838153906752389
        },
        "fft_binned": {
            "score_ssim": 0.7548350115949988,
            "score_nrmse": 0.8868726734242963
        },
        "fft_contin": {
            "score_ssim": 0.9999999999999833,
            "score_nrmse": 0.9969546538056951
        },
        "ideal_lp_50": {
            "score_ssim": 0.7503278105747334,
            "score_nrmse": 0.9187594594629407
        },
        "butterworth_lp_50": {
            "score_ssim": 0.8041479087506482,
            "score_nrmse": 0.9218441668106073
        },
        "gaussian_lp_50": {
            "score_ssim": 0.9027539385511296,
            "score_nrmse": 0.935239165390702
        },
        "ideal_hp_20": {
            "score_ssim": 0.04207129311409997,
            "score_nrmse": 0.3790696432887788
        },
        "butterworth_hp_20": {
            "score_ssim": 0.04075517845671893,
            "score_nrmse": 0.3779745450563493
        },
        "gaussian_hp_20": {
            "score_ssim": 0.03469082164570112,
            "score_nrmse": 0.3694237385349185
        }
    }
} {
    "images/grey/101_1.tif": {
        "dct": {
            "score_ssim": 0.979763411449892,
            "score_nrmse": 0.977137662863972
        },
        "fft_binned": {
            "score_ssim": 0.6977158071767126,
            "score_nrmse": 0.8644009929309221
        },
        "fft_contin": {
            "score_ssim": 0.9999999999999915,
            "score_nrmse": 0.996168005027586
        },
        "ideal_lp_50": {
            "score_ssim": 0.7704814871677395,
            "score_nrmse": 0.9225698347594851
        },
        "butterworth_lp_50": {
            "score_ssim": 0.8161490477632439,
            "score_nrmse": 0.9240967711330875
        },
        "gaussian_lp_50": {
            "score_ssim": 0.9045561712449597,
            "score_nrmse": 0.9307463387882922
        },
        "ideal_hp_20": {
            "score_ssim": -0.09657615411489155,
            "score_nrmse": 0.3974364766823145
        },
        "butterworth_hp_20": {
            "score_ssim": -0.09807066276970261,
            "score_nrmse": 0.3966258901622599
        },
        "gaussian_hp_20": {
            "score_ssim": -0.08753883621841933,
            "score_nrmse": 0.38399512703089334
        }
    }
} {
    "images/grey/102_1.tif": {
        "dct": {
            "score_ssim": 0.9834919550612264,
            "score_nrmse": 0.9766391182796061
        },
        "fft_binned": {
            "score_ssim": 0.6806397006645059,
            "score_nrmse": 0.8607700240753019
        },
        "fft_contin": {
            "score_ssim": 0.999999999999996,
            "score_nrmse": 0.9959480415196592
        },
        "ideal_lp_50": {
            "score_ssim": 0.7691302232150212,
            "score_nrmse": 0.9201002022314408
        },
        "butterworth_lp_50": {
            "score_ssim": 0.8065544519146841,
            "score_nrmse": 0.9235197939595918
        },
        "gaussian_lp_50": {
            "score_ssim": 0.8929397518123721,
            "score_nrmse": 0.9259074266528414
        },
        "ideal_hp_20": {
            "score_ssim": -0.03474852928618076,
            "score_nrmse": 0.45897952559787203
        },
        "butterworth_hp_20": {
            "score_ssim": -0.03535337696423253,
            "score_nrmse": 0.4584348118023027
        },
        "gaussian_hp_20": {
            "score_ssim": -0.03293573831511721,
            "score_nrmse": 0.4447920305066847
        }
    }
} {
    "images/grey/103_1.tif": {
        "dct": {
            "score_ssim": 0.9762903085665129,
            "score_nrmse": 0.9759914956887574
        },
        "fft_binned": {
            "score_ssim": 0.7214300671223387,
            "score_nrmse": 0.8619665352629526
        },
        "fft_contin": {
            "score_ssim": 0.9999999999999978,
            "score_nrmse": 0.9962918530533504
        },
        "ideal_lp_50": {
            "score_ssim": 0.7091915849064961,
            "score_nrmse": 0.9089006914010531
        },
        "butterworth_lp_50": {
            "score_ssim": 0.7981191458488861,
            "score_nrmse": 0.9121333815118146
        },
        "gaussian_lp_50": {
            "score_ssim": 0.9013230868878163,